created,tweet_text
Fri Feb 04 05:29:25 +0000 2022,"RT @jennycrappy: 윤기야… 우리 아빠도 방탄로고 알아…🙃 애들 우주댓슈스라고 누가 좀 알려주실분?ㅋㅋㅋㅋㅋㅋㅋ

the one and only song of the year is #BTS_Butter by #bts. no other ca…"
Fri Feb 04 05:29:23 +0000 2022,"RT @JJUNGKOOK_mona: 짜파구리에는 고기가 들어가야된다며 부담스럽겠지라 말하는 석진이 말에 또 바로 냉동실 열어보는 윤기ㅠㅠㅠ그러고는 바로 소고기 맛있게 구워서 동생들이랑 맛있게 먹었쨔나😭우리 방탄의 아빠엄마 맏형들💜

Listening…"
Fri Feb 04 05:29:20 +0000 2022,"RT @Olivia614: 🌂
방탄소년단 좌우명
무대를 달라
- SUGA
💙
- 21FESTA 우리가쓰는 방탄 프로필

#Butter #BestMusicVideo #iHeartAwards
@BTS_twt"
Fri Feb 04 05:29:18 +0000 2022,RT @BTS_twt: 우리이쁜탄이 연탄이방탄이~~~ 우쮸쮸 https://t.co/GnDqomINFR
Fri Feb 04 05:29:10 +0000 2022,"탑꾸 스티커탑꾸 탑꾸스티커 탑로더 판매 양도 포카 포토카드 슬리브 홀로그램 바인더 콜북 엔시티 몬스타엑스 방탄 투바투 미공포

각 0.4
5개 일괄 1.6

사진 참고해주세요! 궁금한 사항은 디엠 부탁드립니… https://t.co/aB2FDEHi6E"
Fri Feb 04 05:29:03 +0000 2022,"RT @PupleSuga: 🐱민윤기 칭찬감옥에 가둬.ᐟ.ᐟ.ᐟ

방탄 슈가 투명포카 프레임도안 나눔합니다

신경써서 만들었지만 스냅스 기준 1-2mm 
사이드가 잘릴 수 있다는 점 참고해주세요

💜PNG 저장 - 편집창 미리보기 확인💜
꼭 해주세요.…"
Fri Feb 04 05:28:59 +0000 2022,"RT @usBTSVOTE_4: 💜
🐰 어쨌든 이거는 결과가 딱 나오는 거잖아
🐿 이대로 하자
🐯 그래 이대로 하자
🐰 아니 둘이는 진, 남준 다 가져놓고!!
🐿 ㅎㅎㅎ
🐥 야 넌 나를 가졌어
💙
- 달려라 방탄 Ep136

#Butter #BestM…"
Fri Feb 04 05:28:58 +0000 2022,"RT @kookv0521: 사랑해 @BTS_twt 
방탄=아미 #BTSArmy 
아미=방탄 #BestFanArmy 
#iHeartAwards 
안다규? 알믄 된겨~💜 https://t.co/GJ1s8ufQ5F"
Fri Feb 04 05:28:58 +0000 2022,"RT @Bangtan_healing: 뮤비는 역시 방탄 👍 

#Butter #BestMusicVideo 
#iHeartAwards @BTS_twt https://t.co/FTa5P1C8bh"
Fri Feb 04 05:28:57 +0000 2022,"RT @usBTSVOTE_4: 🌔
방탄소년단의 매력 포인트
정말 특별할 거 같지만 의외로 소박하고 단순함..

- JHOPE
💝
- 21FESTA 우리가쓰는 방탄 프로필

#Butter #BestMusicVideo #iHeartAwards
@BTS_…"
Fri Feb 04 05:28:55 +0000 2022,"RT @namanglae: @bts_jiminny @bts7lovefor @BTS_twt 방탄이 방탄해줘서 너무 고맙죠
이쁜 남자들👍😍

#Butter #BestMusicVideo #iHeartAwards 
@BTS_twt"
Fri Feb 04 05:28:46 +0000 2022,"RT @shining_Suga707: @jj_a4bang4_7 @BTS_twt 제이님 감사해요💜
어제도 마셨는데 오늘도 한캔각인가요🍻🍻  ㅋㅋ
계속 열심히 행복하게 방탄해요☺☺💜
I vote for #BTSARMY for the #BestFanArm…"
Fri Feb 04 05:28:38 +0000 2022,박수영 레드벨벳 더보이즈 NCT 이주연 재현 남돌 여돌 증명사진 에이티즈 오마이걸 이달의소녀 SF9 해찬 찬희 재윤 진 지민 백현 세훈 슈가 아미 뉴이스트  스키즈 커미션 에버글로우 도안 커미션 여자아이들… https://t.co/RB9O6NGhBw
Fri Feb 04 05:28:32 +0000 2022,"RT @usBTSVOTE_4: 🎵
🐨 짱구는 도망가지 않아 도망가는 것은 언제나 흰둥이야
💝
- 달려라 방탄 Ep66

#Butter #BestMusicVideo #iHeartAwards
@BTS_twt"
Fri Feb 04 05:28:18 +0000 2022,"방탄 클라우드 베리 포카 판매합니다
I sell BTS Cloudberry photocards

일괄 50.0 

#희귀 남준 석진 윤기 호석 지민 태형 정국 진 슈가 뷔 알엠 제이홉 rm jin suga… https://t.co/sEepVUn31P"
Fri Feb 04 05:27:58 +0000 2022,@jungkook_notes 노트님💗 방탄시 챙기는거 넘넘 행복합니당🙆🏻‍♀️
Fri Feb 04 05:27:39 +0000 2022,"방탄소년단 방방콘 미니포카 양도해요! 디엠주세요 dm

all 2.5
준등기0.18/ gs반택 가능

방탄 bts 포카 포토카드 양도 남준 석진 윤기 호석 지민 태형 정국  photocards poca  r… https://t.co/ocFshYd9XK"
Fri Feb 04 05:27:37 +0000 2022,"RT @kingtan_wife_: 방탄 포카 양도해요 
SELL⭕️

둘 다 하자 ❌
배미포입니다

ㅅㅊㅇ) 방탄 방탄소년단 남준 석진 윤기 호석 지민 태형 정국 BTS 포카 미니포카 팔아요 사요 무료나눔 앨범 머오터 매직샵 메모리즈 블루레이 구해요…"
Fri Feb 04 05:27:33 +0000 2022,"아미에게 하고 싶은 말
🐨 우리가 서로의 삶에 좋은 의지와 귀감이길..!
늘 여러분을 보며 배우고 돌아보고 반성합니다.
올해도 부디 무사히... 저의 사랑을...💜
💖
- 20FESTA 우리가 쓰는 방탄 프… https://t.co/43n8upr6vb"
Fri Feb 04 05:27:32 +0000 2022,"RT @hitmanbang1216: #RT 랜박 1번 배미포 3만원입니다!

오,늘 포스터, 2019 시그 마우스패드, 콘서트 미니포카, 파리바게트 bt21 스노우볼, 방탄명언집, 앨범만 6개, 비공굿 등  양 많게 다양하게 있습니다!
구매 원하실…"
Fri Feb 04 05:27:31 +0000 2022,"RT @Rabbit710901: 우리 방탄도 아미도 지금까지 잘 해오지 않았나요? 떠다니는 말들이 너무 많은 걸 알지만 그런 말들은 다 걸러듣고 우리는 해오던 만큼 더 잘 하면 되는 걸요~ 오늘 다시 한 번 감사하고 저흰 더 열심히 할게요!
- RM…"
Fri Feb 04 05:27:11 +0000 2022,"RT @Bangtan_healing: 뮤비는 역시 방탄 👍 

#Butter #BestMusicVideo 
#iHeartAwards @BTS_twt https://t.co/FTa5P1C8bh"
Fri Feb 04 05:27:08 +0000 2022,"RT @ciiindxxxy: 이런 노고 끝에 방탄의 가장 좋은 음악이 탄생한다는 걸 알아 사랑해사랑해
I vote for #Butter for the #BestMusicVideo at the #iHeartAwards @BTS_twt https://t…"
Fri Feb 04 05:27:03 +0000 2022,"RT @2cool4skuy: Help RT 🙏 READY INA 

Wts / want to sell BTS photocard PC TAKE ALL ONLY. 

❌ NO REFUND OR RETURN
📍 Jakarta
✅ split payment…"
Fri Feb 04 05:26:59 +0000 2022,"RT @2cool4skuy: Help RT 🙏 READY INA 

Wts / want to sell BTS photocard PC TAKE ALL ONLY. 

❌ NO REFUND OR RETURN
📍 Jakarta
✅ split payment…"
Fri Feb 04 05:26:52 +0000 2022,"RT @BTS_twt: 방탄의 캡틴
제가!!  무지한 멤버들을 잘 이끌어서 훌륭한 팀을 만들겠습니다. http://t.co/TM67oy0ez1"
Fri Feb 04 05:26:45 +0000 2022,"RT @2cool4skuy: Help RT 🙏 READY INA 

Wts / want to sell BTS photocard PC TAKE ALL ONLY. 

❌ NO REFUND OR RETURN
📍 Jakarta
✅ split payment…"
Fri Feb 04 05:26:43 +0000 2022,#돌판트친소 방탄더보이즈위아이다수의여돌들좋아해요 친구가되주셈 제발
Fri Feb 04 05:26:24 +0000 2022,"RT @CAVO_030: 💜홉 생일 이벤트💜
☺︎ONLY ARMY
☺︎#rt 필수
☺︎추첨 날짜:호석날
!덕자2.0 또는 2.0 이하 방탄앨범! https://t.co/Zidkyg9IBh"
Fri Feb 04 05:25:50 +0000 2022,"RT @BTS04622610: 방탄 새 앨범 너무 고프다
(곡수 꽉꽉 채워서 와죠...💜)

컴백 전 12시 떡밥 기다리는것도
넘 그립고 다크써클 달아도
진짜 행복한 시간들이라 기대되 🥰
아미들 궁예 넘 열심히 하는데
다 틀리는것도 귀엽고 재미써ㅋㅋ…"
Fri Feb 04 05:25:41 +0000 2022,"방탄소년단 정국 전정국 포카 양도합니다 

📦 포카 일괄 구매시 배송비 무료!!
If you buy all the photo cards in the picture, it's free of charge.

●… https://t.co/ejtVnQjljk"
Fri Feb 04 05:25:25 +0000 2022,"방탄소년단 지민 남준 석진 호석포카 양도합니다 

📦 포카 일괄 구매시 배송비 무료!!
If you buy all the photo cards in the picture, it's free of charge… https://t.co/O54hKTWGTs"
Fri Feb 04 05:25:24 +0000 2022,"RT @JJUNGKOOK_mona: 짜파구리에는 고기가 들어가야된다며 부담스럽겠지라 말하는 석진이 말에 또 바로 냉동실 열어보는 윤기ㅠㅠㅠ그러고는 바로 소고기 맛있게 구워서 동생들이랑 맛있게 먹었쨔나😭우리 방탄의 아빠엄마 맏형들💜

Listening…"
Fri Feb 04 05:24:49 +0000 2022,"RT @Yeonmot_bts: 방탄 보라해~~💜💜
I vote for #BTSARMY for #BestFanArmy at the #iHeartAwards 2022 @BTS_twt https://t.co/a6Hhx4E82S"
Fri Feb 04 05:24:23 +0000 2022,"RT @ciiindxxxy: 이런 노고 끝에 방탄의 가장 좋은 음악이 탄생한다는 걸 알아 사랑해사랑해
I vote for #Butter for the #BestMusicVideo at the #iHeartAwards @BTS_twt https://t…"
Fri Feb 04 05:24:19 +0000 2022,"RT @2cool4skuy: Help RT 🙏 READY INA 

Wts / want to sell BTS photocard PC TAKE ALL ONLY. 

❌ NO REFUND OR RETURN
📍 Jakarta
✅ split payment…"
Fri Feb 04 05:24:15 +0000 2022,"RT @TBONBSM: #rt 3.0 드립니다 
타돌포카는 시세를 잘 몰라서 제시 받아용!
많이 구매하시면 할인 많이 해드립니다!
#아미트친소 태그 빌려요!
ㅅㅊㅇ 방탄 rm 진 suga 제이홉 지민 v 정국 김남준 김석진 민윤기 정호석 박지민 김태…"
Fri Feb 04 05:23:56 +0000 2022,"RT @hashryne: wts boston mute bag by taehyung

selling for $350 w/ free shipping worldwide 

price is negotiable ☺️

dm if interested 💜

[b…"
Fri Feb 04 05:23:45 +0000 2022,"RT @think14260: 강릉가자 강릉가고 싶어 했더니 
그래 가보자 하고 호응 해준 넘편과 아들들 
아침 일찍 달려온 여기 주문진 봄날앨범 촬영지 방탄정류장 캬~아 
나두 여기에 왔다 💜
I vote for #BTSARMY for the #Be…"
Fri Feb 04 05:23:40 +0000 2022,"RT @JJUNGKOOK_mona: 짜파구리에는 고기가 들어가야된다며 부담스럽겠지라 말하는 석진이 말에 또 바로 냉동실 열어보는 윤기ㅠㅠㅠ그러고는 바로 소고기 맛있게 구워서 동생들이랑 맛있게 먹었쨔나😭우리 방탄의 아빠엄마 맏형들💜

Listening…"
Fri Feb 04 05:23:14 +0000 2022,"방탄 지민 슬로건 2장 1.0 
우체국택배만 가능 택배비0.3 
#방탄소년단 #지민 https://t.co/hlHtCXWDwG"
Fri Feb 04 05:23:05 +0000 2022,"어젯밤 안방서 탐라 구경 중인데 거실에서 짝꿍이 “으아악!!” 하길래 무슨 일인가 해서 나가 보니..
자기도 모르게 “왜 내맘을 흔드는 곤데~ 왜 내맘을 흔드는 곤데~” 불렀다고 자기 머리를 쥐어 뜯고 있었… https://t.co/Eh92AN36K8"
Fri Feb 04 05:23:01 +0000 2022,"RT @PupleSuga: 🐱민윤기 칭찬감옥에 가둬.ᐟ.ᐟ.ᐟ

방탄 슈가 투명포카 프레임도안 나눔합니다

신경써서 만들었지만 스냅스 기준 1-2mm 
사이드가 잘릴 수 있다는 점 참고해주세요

💜PNG 저장 - 편집창 미리보기 확인💜
꼭 해주세요.…"
Fri Feb 04 05:22:56 +0000 2022,"RT @uarmyyouth: ♥호석이 생일 이벤트♡ 

🐿 #rt + #follow 
🐿only army
🐿호석날 방탄시
🐿실바니안 호두다람쥐 쌍둥이 인형

2월의 해가 밝았습니다.ᐟ 울 호비의 달.ᐟ.ᐟ.ᐟ 모두들 설 잘 보내시고 복 많이 받으시구…"
Fri Feb 04 05:22:55 +0000 2022,"RT @hashryne: wts boston mute bag by taehyung

selling for $350 w/ free shipping worldwide 

price is negotiable ☺️

dm if interested 💜

[b…"
Fri Feb 04 05:22:40 +0000 2022,"RT @BTS04622610: 방탄 새 앨범 너무 고프다
(곡수 꽉꽉 채워서 와죠...💜)

컴백 전 12시 떡밥 기다리는것도
넘 그립고 다크써클 달아도
진짜 행복한 시간들이라 기대되 🥰
아미들 궁예 넘 열심히 하는데
다 틀리는것도 귀엽고 재미써ㅋㅋ…"
Fri Feb 04 05:22:39 +0000 2022,"방탄 포카 양도
BTS poca sell

승허 호석-0.5
앤써 태형-1.0

All 1.5(with shipping fee)

방탄 알엠 진 슈가 제이홉 지민 뷔 정국
bts rm jin suga jho… https://t.co/LyG1zudQN4"
Fri Feb 04 05:22:37 +0000 2022,"RT @BTS04622610: 방탄 새 앨범 너무 고프다
(곡수 꽉꽉 채워서 와죠...💜)

컴백 전 12시 떡밥 기다리는것도
넘 그립고 다크써클 달아도
진짜 행복한 시간들이라 기대되 🥰
아미들 궁예 넘 열심히 하는데
다 틀리는것도 귀엽고 재미써ㅋㅋ…"
Fri Feb 04 05:22:20 +0000 2022,"RT @JJUNGKOOK_mona: 짜파구리에는 고기가 들어가야된다며 부담스럽겠지라 말하는 석진이 말에 또 바로 냉동실 열어보는 윤기ㅠㅠㅠ그러고는 바로 소고기 맛있게 구워서 동생들이랑 맛있게 먹었쨔나😭우리 방탄의 아빠엄마 맏형들💜

Listening…"
Fri Feb 04 05:22:06 +0000 2022,@iluvmyeon 오와우.. 방탄소속사 이름이 하이브였군요...
Fri Feb 04 05:22:05 +0000 2022,"RT @sjrnfl_16: 방탄 포카 양도해요
급처 일괄 택포 3.5

방탄소년단 시즌그리팅썸패 썸머패키지 dvd 윙즈 머스터 메모리즈 컨셉북 화에필 버스카드 나우 럽셀 시그 디비디 딥디 화온스 화양연화 머삼터 머사터 머오터 매직샵 스픽콘 럽셀콘 1…"
Fri Feb 04 05:22:03 +0000 2022,"RT @hashryne: wts boston mute bag by taehyung

selling for $350 w/ free shipping worldwide 

price is negotiable ☺️

dm if interested 💜

[b…"
Fri Feb 04 05:21:58 +0000 2022,약간 오르테카의 외투 디자인이랑 페닉스 방탄인지 모를 조끼 디자인 비슷하지 않나요. 아님 말고..
Fri Feb 04 05:21:57 +0000 2022,"방탄 진 쩔어 포카 양도합니다

택포 2.5 (가격내림)
준등기만 가능

방탄 김석진 진 포토카드 시즌그리팅 티얼즈 러브유얼셀프 메모리즈 머스터 윙즈 쩔어 포에버영 디비디 페스타 bts jin 비공굿 포토카… https://t.co/Pm2mX0swot"
Fri Feb 04 05:21:51 +0000 2022,"방탄 더 베스트 양도

Type A , Standard  
일괄  20,000krw

배송비 포함
Paypal ok  Eng ok

ㅅㅊㅇ)방탄소년단 앨범 포카 BTS BE 럭드 머스터 매직샵 위버스 https://t.co/INRqNmty1b"
Fri Feb 04 05:21:50 +0000 2022,"@StayAlive9339 @BTS_twt 헉... 무지 찔리는데요...
Pied Piper 외면하고 있었는데... ㅎ
여정님 말 듣고 갔다와야겠어요.
그리고 떳떳하게 방탄하렴니다!!

여정님도 방탄하세요💜… https://t.co/wbHWLdxA8W"
Fri Feb 04 05:21:50 +0000 2022,RT @BTS_twt: 우리이쁜탄이 연탄이방탄이~~~ 우쮸쮸 https://t.co/GnDqomINFR
Fri Feb 04 05:21:47 +0000 2022,"wts boston mute bag by taehyung

selling for $350 w/ free shipping worldwide 

price is negotiable ☺️

dm if intere… https://t.co/cwZc0AksNW"
Fri Feb 04 05:21:35 +0000 2022,"RT @bts_bighit: [#방탄밤] 방탄이들의 소중한 브레이크 타임! 🍽️ 🎶
방탄 대표 먹짱 정국이 진두지휘한 먹방 현장으로! 🥗
#잘먹소년단 #모두_쩝쩝박사를_따르라🍴 #먹방_가보자고
(https://t.co/SOuIFa7qu3)"
Fri Feb 04 05:21:34 +0000 2022,"RT @ent_store: #rt 제가 개인적으로 기분 좋은 일 생겨서 하는 데코덴 레진 탑로더 이벵!

당발은 2월 11일! 배송비 제가 부담합니다! 

레진 레진탑꾸 레진탑꾸판매 레진탑로더 탑로더 탑꾸 판매 레진 레진탑꾸 탑로더 분철 스티커 포토…"
Fri Feb 04 05:21:28 +0000 2022,"RT @BTS_twt: 안녕하세요 저는 오늘부터 방탄 트위터를 같이 쓸 ""진"" 입니다! 잘 부탁 드려요~~ 자주 만나용ㅋㅋ http://t.co/ti6vdX9g"
Fri Feb 04 05:21:24 +0000 2022,"RT @taehyung_00109: 방탄소년단 온콘 2020 메모리즈 DVD 디비디 딥디 양도해요 모두 포카 제외 풀박입니다 온콘 디비디 포토 티켓 있고 매모리즈 오늘의 방탄북 있어요!

온콘 - 1.0
2020 메모리즈 - 2.0

남준 석진 윤기…"
Fri Feb 04 05:21:23 +0000 2022,"RT @luv_you530: 방탄소년단 매직샵 티켓 홀더 포카 양도합니다!

진, 슈가 : 7.0
지민, 정국 : 13.0

디엠주세요! 제시도 받습니다!

방탄 bts rm jin suga jhope jimin v jungkook 석진 남준 윤기…"
Fri Feb 04 05:21:20 +0000 2022,"RT @JJUNGKOOK_mona: 짜파구리에는 고기가 들어가야된다며 부담스럽겠지라 말하는 석진이 말에 또 바로 냉동실 열어보는 윤기ㅠㅠㅠ그러고는 바로 소고기 맛있게 구워서 동생들이랑 맛있게 먹었쨔나😭우리 방탄의 아빠엄마 맏형들💜

Listening…"
Fri Feb 04 05:21:16 +0000 2022,방탄포카 공식 매직샵 윙파 윙즈 메모리즈포카 머스터 럽셀콘 맵솔온 맵솔원 be에센셜 방탄소년단 제이홉 bts 공방 엔시티 양도 맵솔포카 프포 소우주 페스타분활 태형 정국 지민 슈가 남준 디럭스 상파울루 블루레이 뉴욕 유럽
Fri Feb 04 05:21:16 +0000 2022,방탄포카 bts 아미부스 아니쥬 쩔어 런 공방포카 미니포카 방탄포카양도 공방포카 메모리즈 블루레이 일직샵 일본 매직샵 일본 라이츠 방탄포토카드 태형포카 스에 윙즈 이벤트 일본 요코하마 키미니토도쿠 너에게 닿기를 일본 팬미팅 dvd 디비디
Fri Feb 04 05:21:16 +0000 2022,방탄 방탄소년단 BTS 남준 석진 윤기 호석 지민 태형 정국 RM JIN SUGA JH JM V JK 굿즈 포토카드 포카 판매 양도 교환 소우주 미니포카 POCA 앨범 디비디 매직샵 윙즈
Fri Feb 04 05:21:15 +0000 2022,방탄 방탄소년단 BTS 남준 석진 윤기 호석 지민 태형 정국 RM JIN SUGA JH JM V JK 굿즈 포토카드 포카 판매 양도 교환 소우주 미니포카 POCA 앨범 디비디 매직샵 스픽콘 럽셀콘 SYS L… https://t.co/akGI01FqMg
Fri Feb 04 05:21:02 +0000 2022,RT @team_ksj: 주니 인스타에 태그된 곰리.. 근데 곰리라는 예술가를 내가 아는 이유가 분명 방탄때문이었던 기억이라서 찾아봤더니 예전에 커넥트 비티에스 할 때 같이하신 분이었어
Fri Feb 04 05:21:02 +0000 2022,"RT @2cool4skuy: Help RT 🙏 READY INA 

Wts / want to sell BTS photocard PC TAKE ALL ONLY. 

❌ NO REFUND OR RETURN
📍 Jakarta
✅ split payment…"
Fri Feb 04 05:20:49 +0000 2022,"방탄소년단 앨범 판매
포카를 제외한 구성 다 있습니다.(CD⭕)

가격사진참고
0.2=2000Won

*Only Korea address, 
Only Korean account*

❌Paypal❌

즉입우대… https://t.co/kPd2QCUqfT"
Fri Feb 04 05:20:46 +0000 2022,"RT @ciiindxxxy: 이런 노고 끝에 방탄의 가장 좋은 음악이 탄생한다는 걸 알아 사랑해사랑해
I vote for #Butter for the #BestMusicVideo at the #iHeartAwards @BTS_twt https://t…"
Fri Feb 04 05:20:38 +0000 2022,"bts 방탄 피땀눈물 공방 포카 태형 뷔 V 포카 
+ 손그림 스티커 4종 (진, 슈가, 지민, 뷔) 
Price : 42.0 (배송비 별도 추가, Separately shipping fee)

상태 좋습니… https://t.co/ZcjDfQ5UHW"
Fri Feb 04 05:20:32 +0000 2022,"RT @lexi_btslove: #Rt #Follow 하시면 호석날 맞이 한 분께 아래 포카 두 장을 드려요
⛄하자 없는 포카입니다
⛄배송방법은 당첨자분께서 고르시는 걸로 하겠습니다
⛄배송비 제가 냅니다
⛄당발은 호석날 방탄시에 하도록 하겠습니다
⛄…"
Fri Feb 04 05:20:32 +0000 2022,"RT @kyspjm1013: 방뫄닝~~~☕😊
방탄하며  따뜻한 하루 보내세요

#BTSARMY #BestFanArmy #iHeartAwards 
@BTS_twt https://t.co/NZgWy02oUd"
Fri Feb 04 05:20:08 +0000 2022,"RT @yuono8672: 방탄소년단 슈가 슈키 양도

일괄 1.0 
DM주세요~~

ㅅㅊㅇ 방탄소년단 BTS 뷔 김태형 정국 전정국 제이홉 정호석 RM 김남준 진 김석진 슈가 민윤기 지민 박지민 포카 앨범 양도 판매 팔아요 굿즈 방탄 BT21 se…"
Fri Feb 04 05:20:07 +0000 2022,"방탄소년단 스티커팩 판매합니다!
0.2

bts 방탄 굿즈 판매 포카 화양연화 윙파콘 럽셀콘 goods sell 남준 석진 윤기 호석 지민 태형 정국 rm jin suga jhope jimin v jungk… https://t.co/GPjPVHSF5L"
Fri Feb 04 05:19:58 +0000 2022,"RT @BTS04622610: 방탄 새 앨범 너무 고프다
(곡수 꽉꽉 채워서 와죠...💜)

컴백 전 12시 떡밥 기다리는것도
넘 그립고 다크써클 달아도
진짜 행복한 시간들이라 기대되 🥰
아미들 궁예 넘 열심히 하는데
다 틀리는것도 귀엽고 재미써ㅋㅋ…"
Fri Feb 04 05:19:56 +0000 2022,"RT @BTS04622610: 방탄 새 앨범 너무 고프다
(곡수 꽉꽉 채워서 와죠...💜)

컴백 전 12시 떡밥 기다리는것도
넘 그립고 다크써클 달아도
진짜 행복한 시간들이라 기대되 🥰
아미들 궁예 넘 열심히 하는데
다 틀리는것도 귀엽고 재미써ㅋㅋ…"
Fri Feb 04 05:19:53 +0000 2022,"RT @JJUNGKOOK_mona: 짜파구리에는 고기가 들어가야된다며 부담스럽겠지라 말하는 석진이 말에 또 바로 냉동실 열어보는 윤기ㅠㅠㅠ그러고는 바로 소고기 맛있게 구워서 동생들이랑 맛있게 먹었쨔나😭우리 방탄의 아빠엄마 맏형들💜

Listening…"
Fri Feb 04 05:19:50 +0000 2022,"방탄소년단 2019 시즌그리팅 양도
Each⭕️ All⭕️

방탄 bts army zip kit 2019 season's greetings rm jin suga j-hope jimin v jungkook j… https://t.co/FZT1NipGGi"
Fri Feb 04 05:19:37 +0000 2022,"방탄소년단 love yourself 석진 앨범 포카 양도합니다  

0.9 goods sell 
BTS 방탄 rm jin suga jhope jimin v jk 남준 석진 윤기 호석 지민 태형 정국 앨포 앨… https://t.co/Cj2X97V2ew"
Fri Feb 04 05:19:36 +0000 2022,"마이노멀 방탄 버터커피, 230ml, 24개 https://t.co/v6MhhF6udL 파트너스 활동으로 수수료를 받을수 있어요27 https://t.co/KTcIg60hWC"
Fri Feb 04 05:19:28 +0000 2022,"#방탄소년단 #포카양도
방탄포카 양도합니다!

하자❌  준등기만 가능 +0.18
입금하실 때 준등기 비용 포함해서 보내주세요‼️
편하게 디엠주세요💖

방탄 포카 양도 김태형 뷔 럽셀 https://t.co/CIfz5qjnN7"
Fri Feb 04 05:19:28 +0000 2022,"RT @_Aaiing: 방탄소년단 포카 양도합니다
디엠 주시면 같이 가격 정해봐요!

방탄소년단 포카 방탄포카 남준 석진 윤기 호석 지민 태형 정국 포카 드볼 럽셀 버터 맵솔 페르소나 화양연화 티어 앤써 드나 일괄 양도 에눌 교환 앨범 디비디 포토카…"
Fri Feb 04 05:19:26 +0000 2022,"RT @ent_store: #rt 제가 개인적으로 기분 좋은 일 생겨서 하는 데코덴 레진 탑로더 이벵!

당발은 2월 11일! 배송비 제가 부담합니다! 

레진 레진탑꾸 레진탑꾸판매 레진탑로더 탑로더 탑꾸 판매 레진 레진탑꾸 탑로더 분철 스티커 포토…"
Fri Feb 04 05:19:24 +0000 2022,"RT @kyspjm1013: 방뫄닝~~~☕😊
방탄하며  따뜻한 하루 보내세요

#BTSARMY #BestFanArmy #iHeartAwards 
@BTS_twt https://t.co/NZgWy02oUd"
Fri Feb 04 05:19:24 +0000 2022,"#남돌취향
엑소:세훈
방탄:진
샤이니:쫑.키
빅뱅:탑
인피니트:엘
세븐틴:윤정한 씨
엔하이픈:제이
온앤오프:부리부리이션 씨
더보이즈: 영훈
비투비: 육성재 씨
몬스타엑스: 민혁 씨
슈퍼주니어 : 동해"
Fri Feb 04 05:19:24 +0000 2022,"All 2.8

#아미트친소
ㅅㅊㅇ 방탄 bts 남준 석진 윤기 호석 지민 태형 정국 포카 판매 양도 일괄 매직샵 일본 뉴욕 윈패 디비디 메모리즈 윈패 페스타 분할 프포 피켓 쩔어 맵솔 페르소나 봄날 드볼… https://t.co/jNYVbflFlS"
Fri Feb 04 05:19:23 +0000 2022,"방탄소년단 아미 5기 키트 양도합니다
개별 판매⭕️ 일괄 판매⭕️
Each / All ⭕️

방탄 bts army zip 5th kit rm jin suga j-hope jimin v jungkook jk… https://t.co/YyWbMDPVUo"
Fri Feb 04 05:19:07 +0000 2022,"마이노멀 방탄 버터커피, 230ml, 10개 https://t.co/Cub5Kj0Nxo 파트너스 활동으로 수수료를 받을수 있어요18 https://t.co/zDB9RfrE1v"
Fri Feb 04 05:19:02 +0000 2022,"방탄소년단 럽셀콘 머스터 미니포카 양도합니다

Each 0.8 / 여러 개 사면 에눌 가능⭕️

방탄 bts rm jin suga j-hope jimin v jungkook jk taehyung jm jh… https://t.co/EAxeGAaAQG"
Fri Feb 04 05:18:49 +0000 2022,"RT @rjforP613: #RT #양도 #판매
BTS LoveYourself 앨범 스페셜 단체 포카
가격 ➡️ 준포 1.5
하자xx / 연락주시면 확인시켜드려요

방탄소년단 진 RM 제이홉 슈가 뷔 정국 지민 bts 럽유셀 앨범 방탄앨범 스페셜 스…"
Fri Feb 04 05:18:48 +0000 2022,"RT @ent_store: #rt 제가 개인적으로 기분 좋은 일 생겨서 하는 데코덴 레진 탑로더 이벵!

당발은 2월 11일! 배송비 제가 부담합니다! 

레진 레진탑꾸 레진탑꾸판매 레진탑로더 탑로더 탑꾸 판매 레진 레진탑꾸 탑로더 분철 스티커 포토…"
Fri Feb 04 05:18:47 +0000 2022,"방탄소년단 오늘 전시회 호석 인화사진 양도합니다

All 1.2

방탄 bts rm jin suga j-hope jimin v jungkook jk taehyung jm jh yoongi seokjin na… https://t.co/Vmc9h3j9rA"
Fri Feb 04 05:18:42 +0000 2022,"RT @fourcar_12: 🥰주접 스티커 도안 공유🥰

다이어리 꾸미기 다꾸 탑꾸 탑로더꾸미기 등 사용가능

투명포카도안 공유 투명포카 프레임 공유
엔시티 nct 더보이즈 에스파 방탄 세븐틴 태일 태용 유타 재현 정재현 런쥔 황인준 천러 산리오 타…"
Fri Feb 04 05:18:40 +0000 2022,"RT @cafemartinique: 호석이의 생일을 맞아🐿
생일이벤트를 준비합니다🎉

기간: 
2월 17일 [목요일] ~ 2월 20일 [일요일] 

방탄과 아미의 희망둥이 호비에게
#So_thanks_우리의_희망이_돼줘서

상세내용은 사진을 참고 부…"
Fri Feb 04 05:18:37 +0000 2022,"RT @BTS_twt: 방탄생일 축하해 주셔서 감사해요
저도 작은 선물 준비했어요
 ☺️🙏❤️
#JIMIN
#방탄생일ㅊㅋ https://t.co/lhuEliUCgf"
Fri Feb 04 05:18:32 +0000 2022,"방탄소년단 아미 6기 키트 양도합니다
개별 판매⭕️ 일괄 판매⭕️
Each / All ⭕️

방탄 bts army zip 6th kit rm jin suga j-hope jimin v jungkook jk… https://t.co/ZRbTckeZ1F"
Fri Feb 04 05:18:30 +0000 2022,강제 휴가라 번더스 정주행. 방탄 다큐랑 인더숲 너무 조아. 무대도 좋아하지만 남준이 말대로 무대 아래가 조금 더 조아. 호흡이 길어서 더 많이 볼수 있어서. 그리고 따뜻한 타인의 시선이 포함되어 있어서. https://t.co/DEeyTFK8Zs
